id_list,filename
bg_00.jpg,Background_indoor_sitting_room_index_061.jpg
bg_01.jpg,Background_indoor_office_lobby_index_017.jpg
bg_02.jpg,Background_indoor_living_room_index_009.jpg
bg_03.jpg,Background_indoor_living_room_index_021.jpg
bg_04.jpg,Background_indoor_living_room_index_035.jpg
bg_05.jpg,Background_indoor_sitting_area_index_101.jpg
bg_06.jpg,Background_outdoor_garden_area_index_096.jpg
bg_07.jpg,Background_indoor_old_house_index_109.jpg
bg_08.jpg,Background_outdoor_lane_index_024.jpg
bg_09.jpg,Background_indoor_sitting_room_index_088.jpg
bg_10.jpg,Background_indoor_sitting_room_index_077.jpg
bg_11.jpg,Background_indoor_old_church_index_082.jpg
bg_12.jpg,Background_indoor_old_house_index_054.jpg
bg_13.jpg,Background_indoor_living_room_index_022.jpg
bg_14.jpg,Background_indoor_bedroom_index_046.jpg
bg_15.jpg,Background_indoor_sitting_area_index_104.jpg
bg_16.jpg,Background_outdoor_gate_index_000.jpg
bg_17.jpg,Background_outdoor_sitting_space_index_004.jpg
bg_18.jpg,Background_indoor_living_room_index_033.jpg
bg_19.jpg,Background_indoor_office_space_index_034.jpg
bg_20.jpg,Background_indoor_old_house_index_045.jpg
bg_21.jpg,Background_indoor_sitting_area_index_105.jpg
bg_22.jpg,Background_indoor_bedroom_index_047.jpg
bg_23.jpg,Background_indoor_old_house_kitchen_index_075.jpg
bg_24.jpg,Background_indoor_bedroom_index_051.jpg
bg_25.jpg,Background_indoor_bedroom_index_086.jpg
bg_26.jpg,Background_indoor_living_room_index_019.jpg
bg_27.jpg,Background_indoor_bathroom_index_020.jpg
bg_28.jpg,Background_outdoor_sitting_space_index_007.jpg
bg_29.jpg,Background_indoor_sitting_area_index_098.jpg
bg_30.jpg,Background_indoor_sitting_area_index_099.jpg
bg_31.jpg,Background_indoor_music_room_index_037.jpg
bg_32.jpg,Background_indoor_factory_lobby_index_056.jpg
bg_33.jpg,Background_outdoor_footpath_index_074.jpg
bg_34.jpg,Background_indoor_living_room_index_043.jpg
bg_35.jpg,Background_indoor_living_hall_index_039.jpg
bg_36.jpg,Background_indoor_office_loby_index_100.jpg
bg_37.jpg,Background_indoor_living_room_index_081.jpg
bg_38.jpg,Background_indoor_bed_room_index_002.jpg
bg_39.jpg,Background_indoor_living_room_index_042.jpg
bg_40.jpg,Background_indoor_bedroom_index_008.jpg
bg_41.jpg,Background_indoor_dressing_room_index_079.jpg
bg_42.jpg,Background_indoor_living_room_index_068.jpg
bg_43.jpg,Background_indoor_living_room_index_097.jpg
bg_44.jpg,Background_indoor_living_room_index_108.jpg
bg_45.jpg,Background_outdoor_sitting_area_index_087.jpg
bg_46.jpg,Background_indoor_sitting_room_index_028.jpg
bg_47.jpg,Background_indoor_old_house_index_023.jpg
bg_48.jpg,Background_indoor_living_room_index_055.jpg
bg_49.jpg,Background_indoor_living_room_index_041.jpg
bg_50.jpg,Background_indoor_hotel_lobby_index_084.jpg
bg_51.jpg,Background_indoor_potray_hall_index_107.jpg
bg_52.jpg,Background_indoor_living_room_index_092.jpg
bg_53.jpg,Background_indoor_office_lobby_index_073.jpg
bg_54.jpg,Background_indoor_living_room_index_044.jpg
bg_55.jpg,Background_indoor_bedroom_index_030.jpg
bg_56.jpg,Background_indoor_living_room_index_052.jpg
bg_57.jpg,Background_indoor_living_room_index_091.jpg
bg_58.jpg,Background_indoor_kitchen_index_031.jpg
bg_59.jpg,Background_indoor_office_lobby_index_064.jpg
bg_60.jpg,Background_indoor_hotel_corridor_index_069.jpg
bg_61.jpg,Background_outdoor_old_house_index_029.jpg
bg_62.jpg,Background_indoor_hotel_lobby_index_058.jpg
bg_63.jpg,Background_indoor_living_room_index_062.jpg
bg_64.jpg,Background_outdoor_lane_index_059.jpg
bg_65.jpg,Background_indoor_sitting_room_index_036.jpg
bg_66.jpg,Background_indoor_living_room_index_063.jpg
bg_67.jpg,Background_indoor_office_corridor_index_048.jpg
bg_68.jpg,Background_indoor_bathroom_index_065.jpg
bg_69.jpg,Background_indoor_office_loby_index_090.jpg
bg_70.jpg,Background_indoor_living_area_index_106.jpg
bg_71.jpg,Background_indoor_kitchen_index_012.jpg
bg_72.jpg,Background_indoor_living_room_index_071.jpg
bg_73.jpg,Background_indoor_office_loby_index_093.jpg
bg_74.jpg,Background_indoor_office_space_index_060.jpg
bg_75.jpg,Background_indoor_sitting_room_index_032.jpg
bg_76.jpg,Background_indoor_living_area_index_110.jpg
bg_77.jpg,Background_indoor_office_corridor_index_066.jpg
bg_78.jpg,Background_outdoor_office_corridor_index_049.jpg
bg_79.jpg,Background_outdoor_sittingspace_index_005.jpg
bg_80.jpg,Background_indoor_living_room_index_001.jpg
bg_81.jpg,Background_indoor_old_house_index_089.jpg
bg_82.jpg,Background_indoor_old_house_index_076.jpg
bg_83.jpg,Background_indoor_livingroom_index_014.jpg
bg_84.jpg,Background_indoor_sitting_room_index_057.jpg
bg_85.jpg,Background_indoor_sitting_room_index_094.jpg
bg_86.jpg,Background_indoor_sitting_room_index_095.jpg
bg_87.jpg,Background_indoor_livingroom_index_015.jpg
bg_88.jpg,Background_indoor_dinning_hall_index_078.jpg
bg_89.jpg,Background_indoor_sitting_room_index_085.jpg
bg_90.jpg,Background_indoor_office_lobby_index_018.jpg
bg_91.jpg,Background_indoor_bedroom_index_070.jpg
bg_92.jpg,Background_outdoor_footpath_index_040.jpg
bg_93.jpg,Background_indoor_living_room_index_038.jpg
bg_94.jpg,Background_indoor_living_room_index_010.jpg
bg_95.jpg,Background_indoor_hotel_corridor_index_003.jpg
bg_96.jpg,Background_indoor_living_room_index_011.jpg
bg_97.jpg,Background_indoor_old_house_index_067.jpg
bg_98.jpg,Background_indoor_livingroom_index_013.jpg
bg_99.jpg,Background_indoor_kitchen_area_index_103.jpg
